Fahrzeuge mit Verbrennungsmotoren sollen auch nach 2035 in der EU neu zugelassen werden können.;;;;;;;;;;;;;"## Argumente für eine Zulassung von Verbrennungsmotoren nach 2035

- Verbrennungsmotoren sind eine bewährte und funktionierende Technologie, in der europäische Hersteller weltweit führend sind. Es wäre widersinnig, diese Technologie stillzulegen und anderen Ländern zu überlassen[2].

- Synthetische Kraftstoffe (E-Fuels) könnten eine Ausnahme vom Verbrenner-Verbot ermöglichen, da sie als CO2-neutral gelten. Bis 2024 soll geklärt werden, wie genau diese Ausnahmen geregelt werden[3].

- Weltweit wird Diesel und Benzin auch nach 2035 noch eine größere Rolle spielen. Deshalb dürfte das Angebot an Ersatzteilen für Verbrenner zunächst unproblematisch bleiben[4].

## Argumente gegen eine Zulassung von Verbrennungsmotoren nach 2035

- Ab 2035 dürfen in der EU nur noch Fahrzeuge neu zugelassen werden, die keine Treibhausgase ausstoßen. Das beschlossene Verbrenner-Verbot ist Teil der EU-Strategie, bis 2050 Klimaneutralität zu erreichen[1][2].

- Schon bis 2030 soll der CO2-Ausstoß im Pkw-Verkehr um 55% gesenkt werden. Dafür reichen bisherige Maßnahmen nicht aus, daher hat die EU das Gesetz zur Verschärfung der CO2-Flottenziele für Neuwagen beschlossen[4].

- In städtischen Regionen könnten schärfere Richtlinien zur Luftreinhaltung die Nachfrage nach älteren Verbrennern senken. Inwieweit dies durch Nachfrage in anderen Regionen aufgefangen wird, bleibt abzuwarten[4].

Insgesamt überwiegen die Argumente gegen eine Zulassung von Verbrennungsmotoren nach 2035, da diese nicht mit den EU-Klimazielen vereinbar wären. Allerdings könnte eine Ausnahme für E-Fuels eine Kompromisslösung darstellen, die noch ausgearbeitet wird.

Citations:
[1] https://www.swissinfo.ch/ger/wirtschaft/diesel-benzin-verbot-eu-2035-schweiz_auch-in-der-schweiz-werden-autos-mit-verbrenner-verschwinden/47681432
[2] https://www.autobild.de/artikel/eu-verbrenner-verbot-2035-4423028.html
[3] https://www.auto-motor-und-sport.de/verkehr/eu-klimaziel-plan-fit-for-55-kein-verbrenner-aus-e-fuel/
[4] https://www.adac.de/news/aus-fuer-verbrenner-ab-2035/
[5] https://www.srf.ch/news/wirtschaft/definitiver-verkaufs-stopp-eu-verbietet-ab-2035-den-verkauf-von-verbrenner-autos"
Die EU soll eine eigene Seenotrettung im Mittelmeer aufbauen.;;;;;;;;;;;;;"## Pro: Die EU soll eine eigene Seenotrettung im Mittelmeer aufbauen

- Seenotrettung ist eine humanitäre Pflicht, um Menschenleben zu retten[1][3]. Konflikte und wirtschaftliche Not sind die Hauptgründe, warum Menschen die gefährliche Überfahrt über das Mittelmeer auf sich nehmen[2].

- Durch eine eigene EU-Seenotrettung könnten mehr Menschenleben gerettet werden, da die Kapazitäten ausgebaut würden. Derzeit ist das Mittelmeer die weltweit gefährlichste Route für Menschen auf der Flucht[4].

- Eine koordinierte EU-Seenotrettung wäre effektiver als die derzeitigen Bemühungen einzelner Länder. Die EU könnte mehr Ressourcen und Personal aufbringen.

## Contra: Die EU soll keine eigene Seenotrettung im Mittelmeer aufbauen

- Eine EU-Seenotrettung könnte als Anreiz für noch mehr Flüchtlinge wirken, die gefährliche Überfahrt zu wagen[1]. Dadurch würden die Schlepperbanden gestärkt und noch mehr Menschen in Gefahr gebracht.

- Die Kosten für eine EU-Seenotrettung wären immens und würden Mittel von anderen wichtigen Aufgaben abziehen, z.B. der Integration von Flüchtlingen[3]. Die Gelder könnten effizienter eingesetzt werden.

- Seenotrettung allein löst das Flüchtlingsproblem nicht. Stattdessen braucht es Lösungen, die die Fluchtursachen in den Herkunftsländern angehen[1].

Insgesamt überwiegen meiner Meinung nach die humanitären Argumente für eine EU-Seenotrettung, da es um die Rettung von Menschenleben geht. Allerdings müssen die Kosten und möglichen Anreizwirkungen sorgfältig abgewogen werden. Eine EU-Seenotrettung sollte Teil eines umfassenden Konzepts zur Flüchtlingspolitik sein.

Citations:
[1] https://www.bernerzeitung.ch/lob-kritik-denkanstoesse-926482151026
[2] https://www.fes.de/der-rote-faden/nachrichten-archiv/nachrichten-archiv-2023
[3] https://www.kathbern.ch/pfarrblatt/weitere-news
[4] https://www.zora.uzh.ch/id/eprint/208124/1/Derks-Annuska-et-al-Hrsg-2021-Gewundene-Wege-einer-undisziplinierten-Disziplin-50-Jahre-Ethnologie-in-Zuerich.pdf
[5] https://www.tagesanzeiger.ch/lob-kritik-denkanstoesse-926482151026"
Die Ukraine soll Mitglied der EU werden.;;;;;;;;;;;;;"Die Ukraine soll Mitglied der EU werden. Hier sind einige Argumente dafür und dagegen:

Pro:
- Die Ukraine hat ein großes Potenzial in der Landwirtschaft, Energie und Rohstoffen, das der EU zugute kommen könnte und ihre wirtschaftliche Sicherheit stärken würde[1][5].
- Der EU-Beitritt würde die wirtschaftlichen Beziehungen zwischen der Ukraine und der EU vertiefen und stabilisieren, da er von gemeinsamen Regeln, Normen und Werten getragen wird[5].
- Die EU-Beitrittskriterien treiben bereits jetzt Reformen in der Ukraine voran, z.B. im Kampf gegen Korruption und zur Stärkung der Rechtsstaatlichkeit[4][5].
- Die Ukraine hat im Krieg gegen Russland Expertise in Bereichen wie Entminung, Geheimdienstarbeit und Cyberabwehr entwickelt, die auch für die EU-Fähigkeiten relevant sind[5].

Contra: 
- Die Ukraine muss noch erhebliche Anstrengungen unternehmen, um die EU-Beitrittskriterien zu erfüllen, insbesondere bei Rechtsstaatlichkeit und guter Regierungsführung[4].
- Ein EU-Beitritt der Ukraine würde die politische und sozio-ökonomische Heterogenität in der EU erhöhen, was nicht einfach durch Vertragsänderungen zu beseitigen wäre[3].
- Die Ukraine würde als EU-Mitglied mit einer klaren pro-amerikanischen Haltung in die Union kommen und ihre engen Sicherheits- und Verteidigungsbeziehungen zu den USA einbringen, was das Gewicht des transatlantischen ""Clubs"" in der EU stärken würde[3].
- Vor dem Krieg gab es in der Ukraine bereits Kritik an der EU, da das Land trotz Reformerfolge nach 2014 keine ernsthaften Vorschläge zur Aufwertung des Formats der Östlichen Partnerschaft in Betracht ziehen wollte[3].

Insgesamt überwiegen die Argumente für einen EU-Beitritt der Ukraine, da er das Potenzial hat, die EU wirtschaftlich und sicherheitspolitisch zu stärken. Allerdings sind die Hürden hoch und ein Beitritt wird ein langwieriger Prozess sein, der die Ukraine und die EU vor große Herausforderungen stellt.

Citations:
[1] https://www.euractiv.com/section/global-europe/opinion/economic-security-a-strategic-argument-for-ukraines-eu-membership/
[2] https://cepa.org/comprehensive-reports/a-european-home-for-ukraine/
[3] https://www.swp-berlin.org/en/publication/ukraines-possible-eu-accession-and-its-consequences
[4] https://www.bruegel.org/policy-brief/ukraines-path-european-union-membership-and-its-long-term-implications
[5] https://www.epc.eu/en/Publications/Economic-security-The-strategic-argument-for-Ukraines-EU-membership~57c2cc"
Die EU soll vorrangig ökologische Landwirtschaft fördern.;;;;;;;;;;;;;"## Argumente für eine vorrangige Förderung der ökologischen Landwirtschaft durch die EU

- Der ökologische Landbau leistet einen wichtigen Beitrag zum Umwelt- und Klimaschutz, indem er auf synthetische Pestizide und Düngemittel verzichtet und stattdessen auf natürliche Kreisläufe setzt[1][3][4]. Dies schützt die Biodiversität und erhält die Bodenfruchtbarkeit langfristig.

- Ökobetriebe bieten eine artgerechtere Tierhaltung mit Auslauf und Einstreu, was dem Tierwohl zugutekommt[3][4]. 

- Durch die Förderung des Ökolandbaus kann die EU die Nachfrage nach Bio-Lebensmitteln bedienen und Verbrauchern eine umweltfreundlichere Wahl ermöglichen[2].

- Die Umstellung auf Ökolandbau kann für Betriebe eine wirtschaftliche Chance sein, da Bio-Produkte oft höhere Preise erzielen und neue Vermarktungswege erschlossen werden können[1].

- Ökologische Landwirtschaft leistet einen Beitrag zur Versorgungssicherheit, da sie in Entwicklungsländern die Produktivität nachhaltig steigert und die Unabhängigkeit der Bauern sichert[2].

## Argumente gegen eine vorrangige Förderung der ökologischen Landwirtschaft durch die EU

- Die Erträge sind im Ökolandbau oft geringer, was bei wachsender Weltbevölkerung problematisch sein kann[3][5]. Durch die geringere Produktivität müssten mehr Flächen bewirtschaftet werden, was zu indirekter Landnutzungsänderung und höheren CO2-Emissionen führen kann[5].

- Die Produktionskosten sind im Ökolandbau höher, was sich in höheren Verbraucherpreisen niederschlägt[3][4]. Nicht alle Verbraucher können oder wollen die Mehrkosten tragen.

- Eine einseitige Förderung des Ökolandbaus könnte zu Wettbewerbsverzerrungen führen und konventionelle Betriebe benachteiligen[1]. Eine ausgewogene Förderung aller nachhaltigen Bewirtschaftungsformen wäre fairer.

- Nicht alle Betriebe sind für eine Umstellung auf Ökolandbau geeignet, z.B. aufgrund der Betriebsstruktur oder der Lage[1]. Eine Zwangsumstellung wäre kontraproduktiv.

Insgesamt überwiegen die Argumente für eine stärkere Förderung des Ökolandbaus durch die EU, da dieser wichtige gesellschaftliche Leistungen erbringt und die Nachfrage bedient. Allerdings sollte dies nicht zu Lasten der Wettbewerbsfähigkeit und Versorgungssicherheit gehen. Eine ausgewogene Förderung aller nachhaltigen Bewirtschaftungsformen wäre der beste Weg.

Citations:
[1] https://www.landwirtschaftskammer.de/landwirtschaft/oekolandbau/pdf/oeko-umstellung.pdf
[2] https://www.boelw.de/service/bio-faq/bio-gesellschaft/artikel/soll-sich-der-staat-fuer-bio-engagieren/
[3] https://de.wikipedia.org/wiki/%C3%96kologische_Landwirtschaft
[4] https://www.studysmarter.de/schule/geographie/landwirtschaft/oekologische-landwirtschaft/
[5] https://www.agrarheute.com/management/betriebsfuehrung/landwirtschaft-oeko-nachhaltiger-konventionell-561175"
Die EU soll den Mitgliedstaaten empfehlen, außer „weiblich“ und „männlich“ auch die Eintragung einer anderen Geschlechtsidentität im Pass zu ermöglichen.;;;;;;;;;;;;;"## Argumente für eine dritte Geschlechtsidentität im Pass

- Eine dritte Geschlechtsidentität im Pass würde die Rechte und Bedürfnisse von Menschen anerkennen, die sich weder als Mann noch als Frau identifizieren.
- Studien zeigen, dass die Anerkennung der Geschlechtsidentität das psychische Wohlbefinden von Transgender- und nicht-binären Menschen verbessert.
- Andere Länder wie Australien, Neuseeland und Kanada bieten bereits die Option einer dritten Geschlechtsidentität in amtlichen Dokumenten an.

## Argumente gegen eine dritte Geschlechtsidentität im Pass

- Einige argumentieren, dass nur zwei biologische Geschlechter existieren und der Pass diese widerspiegeln sollte.
- Andere befürchten, dass eine dritte Option zu Verwirrung und Missbrauch führen könnte, z.B. bei Statistiken oder Sicherheitskontrollen.
- Einige Länder sehen die Einführung einer dritten Geschlechtsidentität als zu große gesellschaftliche Veränderung an.

Insgesamt ist es eine komplexe Frage, bei der die Rechte und Bedürfnisse von Minderheiten gegen praktische Bedenken abgewogen werden müssen. Eine Empfehlung der EU könnte den Mitgliedstaaten helfen, eine ausgewogene Lösung zu finden."
Der Flugzeugtreibstoff Kerosin soll für Flüge in der EU steuerfrei sein.;;;;;;;;;;;;;"## Pro-Argumente für steuerfreies Kerosin in der EU

- Steuervergünstigungen für Kerosin könnten die Flugpreise senken und die Luftfahrtbranche stärken, was zu mehr Wettbewerb und Innovation führen könnte.
- Steuervergünstigungen könnten es Fluggesellschaften ermöglichen, in effizientere und umweltfreundlichere Flugzeuge zu investieren.
- Steuervergünstigungen könnten den Luftverkehr in der EU attraktiver machen und mehr Passagiere anziehen, was zu wirtschaftlichen Vorteilen für Städte und Regionen führen könnte, die von Flughäfen abhängig sind.

## Contra-Argumente gegen steuerfreies Kerosin in der EU

- Steuervergünstigungen für Kerosin könnten als unfaire Subventionierung der Luftfahrtbranche angesehen werden und andere Verkehrsträger wie Bahn und Schiff benachteiligen.
- Steuervergünstigungen könnten die Nachfrage nach Flügen erhöhen und zu mehr Treibhausgasemissionen und Umweltverschmutzung führen, was dem Ziel der EU widerspricht, den Verkehrssektor nachhaltiger zu gestalten.
- Steuervergünstigungen könnten als Verlust von Steuereinnahmen für die EU-Mitgliedsstaaten angesehen werden, die anderweitig verwendet werden könnten, z.B. für Investitionen in erneuerbare Energien oder Infrastruktur.

Insgesamt gibt es Argumente sowohl für als auch gegen steuerfreies Kerosin in der EU. Eine sorgfältige Abwägung der Vor- und Nachteile unter Berücksichtigung der Ziele der EU-Klimapolitik und der Wettbewerbsfähigkeit der Luftfahrtbranche ist erforderlich.

 https://www.europarl.europa.eu/RegData/etudes/BRIE/2019/642284/EPRS_BRI(2019)642284_EN.pdf
 https://www.transportenvironment.org/discover/why-aviation-fuel-tax-exemption-must-end/
 https://ec.europa.eu/clima/eu-action/european-green-deal_de"
Die EU soll das Ziel verwerfen, klimaneutral zu werden.;;;;;;;;;;;;;"Die EU sollte das Ziel nicht verwerfen, bis 2050 klimaneutral zu werden. Hier sind einige Argumente dafür und dagegen:

Pro:
- Die Europäische Union hat sich im Rahmen des Pariser Klimaabkommens verpflichtet, die globale Erwärmung auf deutlich unter 2°C zu begrenzen. Klimaneutralität bis 2050 ist dafür notwendig[1][5].
- Der Übergang zu einer emissionsfreien Wirtschaft bietet Chancen für neue Arbeitsplätze und wirtschaftliche Möglichkeiten in zukunftsträchtigen Branchen wie erneuerbaren Energien[5].
- Durch den Ausbau erneuerbarer Energien und die Reduktion der Abhängigkeit von fossilen Brennstoffen kann die Energiesicherheit der EU erhöht werden[5].
- Wenn die EU als drittgrößte Volkswirtschaft der Welt mit gutem Beispiel vorangeht, kann sie andere große Emittenten zum Handeln motivieren[4].

Contra:
- Um das Ziel der Klimaneutralität bis 2050 zu erreichen, sind erhebliche Anstrengungen und Veränderungen in allen Sektoren nötig, die auf Widerstand in der Bevölkerung stoßen könnten[3][4].
- Einige EU-Staaten wie Frankreich und Polen sehen Kernenergie als Teil der Lösung, andere wie Deutschland und Österreich nicht. Ohne Einigung wird das Ziel schwerer zu erreichen sein[4].
- Kurz vor der Europawahl scheuen sich manche Regierungen, ihre Bürger auf Veränderungen und Verzicht einzustellen. Es gibt Bestrebungen, Ausnahmen für bestimmte Branchen wie die Landwirtschaft zu schaffen[4].
- Ob die EU-Staaten und das Europäische Parlament weiterhin geschlossen hinter dem Green Deal stehen, ist fraglich, da sich der politische Wind teilweise gedreht hat[4].

Insgesamt überwiegen die Argumente, am Ziel der Klimaneutralität festzuhalten. Die Vorteile für Klima, Wirtschaft und Energiesicherheit sind erheblich. Die Herausforderungen sind groß, aber mit entschlossenem Handeln aller Beteiligten erreichbar.

Citations:
[1] https://www.mdr.de/wissen/wie-eu-klimaneutral-bis-mitte-jahrhundert-100.html
[2] https://www.europa.ch/themen/europaeische-union/umwelt-klima/
[3] https://www.tagesschau.de/ausland/europa/eu-klimabeirat-klimaziele-100.html
[4] https://www.tagesschau.de/ausland/europa/eu-klimawandel-ziele-100.html
[5] https://www.consilium.europa.eu/de/topics/climate-neutrality/"
In der EU sollen mehr Flächen als Naturschutzgebiete ausgewiesen werden.;;;;;;;;;;;;;"## Argumente für mehr Naturschutzgebiete in der EU

- Die EU hat sich das Ziel gesetzt, bis 2030 mindestens 30% ihrer Fläche unter Schutz zu stellen, davon 10% mit striktem Schutz[3][4]. Derzeit sind jedoch nur 3,37% der EU-Fläche als strenge Schutzgebiete ausgewiesen[5].
- Mehr Naturschutzgebiete sind nötig, um die biologische Vielfalt zu erhalten und geschädigte Ökosysteme zu stärken[3][4]. Laut einer Studie der Universität Bologna hinkt Deutschland mit nur 0,6% strengen Schutzgebieten im EU-Vergleich hinterher und belegt den drittletzten Platz[3][4][5].
- Naturschutzgebiete sind wichtig, um Lebensräume für bedrohte Arten zu schaffen und zu erhalten. Durch die Vernetzung von Biotopen kann ein effektiver Artenschutz erreicht werden[1].
- Mehr Flächen für den Naturschutz zu sichern, ist eine wichtige Maßnahme, um internationale Verpflichtungen wie das Montrealer 30%-Ziel zu erfüllen[1].

## Argumente gegen mehr Naturschutzgebiete in der EU

- Die Ausweisung von Schutzgebieten muss mit den wirtschaftlichen Interessen in Einklang gebracht werden. In Deutschland mit seiner hohen Bevölkerungsdichte und exportorientierten Landwirtschaft ist dies eine Herausforderung[2].
- Nicht alle Gebiete mit Schutzstatus schützen tatsächlich effektiv die Biodiversität. In Deutschland werden laut NABU die Vorgaben für Natura-2000-Gebiete nicht eingehalten und die Erhaltungsziele sind oft nicht klar definiert[3].
- Ob das 30%-Ziel der EU bis 2030 erreicht werden kann, ist fraglich. Selbst Spitzenreiter Luxemburg hat erst 36,3% seiner Fläche als strenge Schutzgebiete ausgewiesen[3][4][5].
- Die Ausweisung von Schutzgebieten muss mit Bedacht erfolgen. Eine Einzelfallprüfung ist nötig, da nicht jede Fläche mit Schutzstatus auch tatsächlich den Kriterien für strengen Schutz entspricht[2].

Insgesamt überwiegen die Argumente für eine Ausweisung weiterer Naturschutzgebiete in der EU, um die Biodiversität zu schützen und internationale Ziele zu erfüllen. Allerdings müssen dabei die wirtschaftlichen Interessen berücksichtigt und die Schutzmaßnahmen effektiv umgesetzt werden.

Citations:
[1] https://www.klimareporter.de/deutschland/wir-brauchen-fuer-den-naturschutz-mehr-flaeche
[2] https://www.faz.net/aktuell/wissen/erde-klima/schutzgebiete-eu-ist-beim-naturschutz-nicht-weit-genug-19033457.html
[3] https://www.tagesschau.de/wissen/klima/deutschland-biodiversitaet-eu-100.html
[4] https://www.geo.de/natur/oekologie/deutschland-ist-fast-eu-schlusslicht--was-naturschutzgebiete-angeht-33639200.html
[5] https://www.welt.de/wissenschaft/article246325522/Biodiversitaet-Deutschland-EU-weit-auf-drittletztem-Platz.html"
Die EU soll mehr Waffen für die Ukraine finanzieren.;;;;;;;;;;;;;"Die EU soll mehr Waffen für die Ukraine finanzieren. Hier sind einige Argumente dafür und dagegen:

Pro:
- Die Ukraine benötigt dringend weitere militärische Unterstützung, um sich gegen den russischen Angriffskrieg zu verteidigen und besetzte Gebiete zu befreien[1][3].
- Die EU hat bereits 5 Milliarden Euro für Waffenlieferungen an die Ukraine über die Europäische Friedensfazilität bereitgestellt und plant weitere Hilfen[2][3].
- Zusätzliche Finanzhilfen der EU würden es der Ukraine ermöglichen, ihre Streitkräfte besser auszurüsten und zu modernisieren[1].
- Die EU hat ein starkes Interesse an der Verteidigung der Ukraine und der Abschreckung weiterer russischer Aggression in Europa[2].

Contra:
- Viele EU-Staaten haben begrenzte Verteidigungsbudgets und müssen sorgfältig abwägen, wie viel Geld sie für Waffenlieferungen an die Ukraine aufwenden können[3].
- Es besteht die Gefahr, dass die Lieferung schwerer Waffen durch die EU als Eskalation wahrgenommen wird und den Konflikt weiter anheizt[4].
- Die Finanzierung von Waffenlieferungen über die Europäische Friedensfazilität ist umstritten, da das Geld aus dem EU-Haushalt stammt, der von den Steuerzahlern finanziert wird[3].
- Einige argumentieren, dass die EU stattdessen mehr Geld in Diplomatie und Friedensverhandlungen investieren sollte, um den Krieg zu beenden[4].

Insgesamt überwiegen die Argumente für eine Ausweitung der EU-Militärhilfe für die Ukraine, da dies als notwendig erachtet wird, um die Ukraine im Kampf gegen die russische Aggression zu unterstützen und die Sicherheit Europas zu gewährleisten. Die Bedenken hinsichtlich der Kosten und möglicher Eskalation müssen jedoch sorgfältig abgewogen werden.

Citations:
[1] https://www.bundesregierung.de/breg-de/schwerpunkte/krieg-in-der-ukraine/was-tut-die-eu-fuer-ukraine-2016876
[2] https://www.dw.com/de/eu-russische-zinsen-f%C3%BCr-ukrainische-waffen/a-68624117
[3] https://www.tagesschau.de/ausland/europa/eu-ukraine-militaerhilfe-100.html
[4] https://www.tagesschau.de/ausland/europa/eu-zinsen-waffen-100.html
[5] https://www.zdf.de/nachrichten/politik/ausland/eu-ukraine-hilfe-waffen-munition-krieg-russland-100.html"
Die Einfuhrzölle der EU auf chinesische Elektroautos sollen erhöht werden.;;;;;;;;;;;;;"## Argumente für höhere Einfuhrzölle auf chinesische Elektroautos

- Die Preise chinesischer E-Autos werden durch massive staatliche Subventionen künstlich niedrig gehalten, was den europäischen Markt verzerrt[1][3][4]. Höhere Zölle könnten dies ausgleichen und fairen Wettbewerb sicherstellen.

- Chinesische Hersteller haben enorme Überkapazitäten aufgebaut und müssen mehr Fahrzeuge exportieren, um ihre Fabriken auszulasten. Sie drängen vor allem nach Europa, da die USA ihren Markt abgeschottet haben[2]. Höhere Zölle könnten diese Flut an Importen begrenzen.

- Die EU will ihre Abhängigkeit von China verringern und die heimische Wirtschaft stärken[3]. Höhere Zölle könnten europäische Hersteller vor unfairer Konkurrenz schützen und Arbeitsplätze sichern.

- Schon jetzt erheben die USA einen deutlich höheren Zoll auf chinesische Autos als die EU[4]. Höhere Zölle würden die Wettbewerbsfähigkeit europäischer Hersteller verbessern.

## Argumente gegen höhere Einfuhrzölle auf chinesische Elektroautos

- Für Verbraucher sind chinesische E-Autos eine willkommene Ergänzung, da sie oft günstiger sind als europäische Modelle[1][5]. Höhere Zölle würden diese Preisvorteile zunichtemachen.

- Viele europäische Hersteller wie BMW, VW und Daimler produzieren selbst in China und exportieren von dort nach Europa[2]. Höhere Zölle würden auch diese Importe treffen und die Hersteller belasten.

- Eine Eskalation von Handelskonflikten mit China könnte europäische Exporte nach China gefährden[4]. Viele Hersteller sind stark vom chinesischen Markt abhängig.

- Höhere Zölle könnten die Inflation weiter anheizen und die Erholung der Wirtschaft nach der Pandemie belasten[5]. In Zeiten hoher Energiepreise und Lieferengpässen wäre dies riskant.

Insgesamt überwiegen die Argumente für höhere Zölle, da sie unfaire Handelspraktiken eindämmen und die europäische Industrie schützen könnten. Allerdings müssen auch die Risiken für Verbraucher, Hersteller und die Gesamtwirtschaft sorgfältig abgewogen werden. Eine ausgewogene Lösung, die fairen Wettbewerb fördert ohne übermäßige Belastungen, wäre ideal.

Citations:
[1] https://industriemagazin.at/news/belegt-die-eu-chinesische-e-autos-mit-anti-dumping-zoellen/
[2] https://www.welt.de/wirtschaft/article251433604/EU-Strafzoelle-gegen-China-BMW-Chef-Zipse-bringt-ueberraschendes-Argument-ins-Spiel.html
[3] https://www.auto-motor-und-sport.de/verkehr/eu-ermittelt-gegen-billig-e-autos-aus-china-strafzoelle/
[4] https://www.nzz.ch/wirtschaft/ld.1756191
[5] https://www.wiwo.de/unternehmen/auto/anti-dumping-zoelle-fuer-chinesische-e-autos-dieser-schuss-geht-nach-hinten-los/29388924.html"
Die EU soll sich dafür einsetzen, dass Schwangerschaftsabbrüche in allen Mitgliedstaaten straffrei möglich sind.;;;;;;;;;;;;;Provide a pro and contra argumentsation for following question and provide source: Die EU soll sich dafür einsetzen, dass Schwangerschaftsabbrüche in allen Mitgliedstaaten straffrei möglich sind.
Die EU soll den Anbau von weiteren gentechnisch veränderten Pflanzensorten erlauben.;;;;;;;;;;;;;"## Argumente für den Anbau weiterer gentechnisch veränderter Pflanzen in der EU

### Pro

- Gentechnisch veränderte Pflanzen können höhere Erträge liefern und sind resistenter gegen Schädlinge und Krankheiten[1][3]. Dies kann die Lebensmittelproduktion steigern und die Abhängigkeit von Pestiziden reduzieren.

- Der Import von gentechnisch veränderten Pflanzen ist in der EU bereits weit verbreitet (98 Zulassungen), während der Anbau stark eingeschränkt ist[4]. Eine Zulassung weiterer Sorten würde die Importe und Verwendung als Lebens- und Futtermittel erleichtern.

- Gentechnisch veränderte Pflanzen können spezifische Eigenschaften wie Trockenheitsresistenz oder verbesserte Nährwerte aufweisen, die für die Landwirtschaft und Verbraucher von Vorteil sein können[3].

### Contra

- Es besteht die Gefahr der Kontamination von konventionellen und ökologischen Nutzpflanzen durch Pollen und Saatgut[1][2]. Dies kann zu Ertragsverlusten und Vermarktungsproblemen für Nicht-Gentechnik-Landwirte führen.

- Die langfristigen Auswirkungen auf Umwelt und Gesundheit sind nicht ausreichend erforscht[2][3]. Studien deuten auf mögliche Risiken wie Schädigung von Nichtzielorganismen und Veränderungen von Blutparametern hin.

- Viele EU-Bürger lehnen gentechnisch veränderte Lebensmittel ab[4][5]. Eine Zulassung weiterer Sorten könnte auf breiten gesellschaftlichen Widerstand stoßen und das Vertrauen in die Lebensmittelsicherheit untergraben.

- Der Anbau ist in vielen EU-Ländern bereits verboten[5]. Eine EU-weite Zulassung würde die nationale Entscheidungshoheit einschränken und auf Ablehnung in den Mitgliedstaaten treffen.

Insgesamt überwiegen die Argumente gegen eine Ausweitung des Anbaus gentechnisch veränderter Pflanzen in der EU. Die möglichen Vorteile stehen den Risiken für Umwelt, Landwirtschaft und Verbraucher gegenüber. Eine Entscheidung sollte auf Basis unabhängiger Risikoforschung und unter Berücksichtigung gesellschaftlicher Bedenken getroffen werden.

Citations:
[1] https://www.schule-und-gentechnik.de/wissen/themen/koexistenz
[2] https://meine-landwirtschaft.de/schwerpunkte/gentechnik/argumente-gegen-agro-gentechnik/
[3] http://www.snf.ch/SiteCollectionDocuments/Programmsynthese_NFP59_D.pdf
[4] https://www.transgen.de/aktuell/2658.eu-zulassung-gentechnik-pflanzen.html
[5] https://www.bund.net/themen/landwirtschaft/gentechnik/kommerzieller-anbau-und-freisetzung/eu/"
Geschlechtsspezifische Gewalt gegen Frauen soll europaweit als Asylgrund anerkannt werden.;;;;;;;;;;;;;"## Argumente für die Anerkennung geschlechtsspezifischer Gewalt gegen Frauen als Asylgrund in Europa

- Frauen, die in ihren Herkunftsländern aufgrund ihres Geschlechts verfolgt werden, benötigen besonderen Schutz. Geschlechtsspezifische Verfolgung wie häusliche Gewalt, Zwangsprostitution oder Genitalverstümmelung stellen schwere Menschenrechtsverletzungen dar, die ein Recht auf Asyl begründen sollten[1].

- Die Anerkennung geschlechtsspezifischer Verfolgung als Asylgrund würde die Gleichberechtigung von Frauen stärken und ein wichtiges Signal gegen Frauenfeindlichkeit senden. Es wäre ein Schritt hin zu einem einheitlichen, geschlechtersensiblen Asylsystem in Europa[2].

- Viele Frauen wagen die Flucht, um sich und ihre Kinder vor Gewalt zu schützen. Ihnen muss die Möglichkeit gegeben werden, in Europa Schutz zu finden. Eine Ablehnung des Asylantrags würde sie in eine ausweglose Situation zurückschicken[3].

## Argumente gegen die Anerkennung geschlechtsspezifischer Gewalt gegen Frauen als Asylgrund in Europa

- Die Aufnahme von Frauen, die in ihren Herkunftsländern Opfer geschlechtsspezifischer Gewalt wurden, würde den Zuzug nach Europa weiter erhöhen und die Aufnahmekapazitäten vieler Länder überfordern. Die Folgen für den sozialen Zusammenhalt und die Sicherheit sind schwer abzuschätzen[1].

- Nicht jede Frau, die Opfer von Gewalt wurde, erfüllt die Kriterien für einen Asylantrag. Eine zu weite Auslegung des Begriffs ""geschlechtsspezifische Verfolgung"" könnte zu einem Missbrauch des Asylrechts führen[2].

- Die Anerkennung geschlechtsspezifischer Verfolgung als Asylgrund würde die Integrationsanforderungen für Asylbewerberinnen erschweren. Viele Frauen kommen ohne Sprachkenntnisse und Berufsausbildung nach Europa und benötigen intensive Unterstützung bei der Integration[3].

Insgesamt überwiegen meiner Einschätzung nach die Argumente für eine Anerkennung geschlechtsspezifischer Gewalt als Asylgrund. Frauen haben ein Recht auf Schutz vor Verfolgung und Gewalt. Europa muss hier Verantwortung übernehmen, auch wenn dies Herausforderungen mit sich bringt. Ein einheitliches, geschlechtersensibles Asylsystem wäre ein wichtiges Zeichen für die Gleichberechtigung von Frauen.

Citations:
[1] https://academic.oup.com/book/39246/chapter-abstract/338794828?redirectedFrom=fulltext
[2] https://fra.europa.eu/sites/default/files/fra_uploads/handbook-law-asylum-migration-borders-2nd-ed_en.pdf
[3] http://www.echr.coe.int/documents/d/echr/handbook_asylum_eng
[4] https://carleton.ca/ces/eulearning/politics/human-rights/immigration-and-asylum-some-concerns-for-europe/
[5] https://link.springer.com/article/10.1007/s42439-022-00059-4"
Urheberrechtlich geschützte Werke (z.B. Fotos, Musik, Literatur) sollen in der EU für nicht-kommerzielle Zwecke kostenlos verwendet werden dürfen.;;;;;;;;;;;;;"Hier sind einige Argumente für und gegen die kostenlose Nutzung urheberrechtlich geschützter Werke in der EU für nicht-kommerzielle Zwecke:

Pro:
- Die Harmonisierung des Urheberrechts in der EU sollte sich an den zugrundeliegenden Prinzipien orientieren, wie der Meinungsfreiheit und dem Recht auf Information. Eine Ausnahme für nicht-kommerzielle Nutzung würde diese Prinzipien stärken.[1]
- Ähnlich wie das Erschöpfungsprinzip bei Verbraucherverkäufen, könnte eine Beschränkung des Urheberrechts nach der ersten Veröffentlichung die Rechte und Freiheiten der Nutzer gegenüber den Urhebern stärken, wenn diese bereits eine angemessene Vergütung erhalten haben.[2]
- Viele Computerprogramme und Schnittstellen sind nicht urheberrechtlich geschützt, da Ideen und Prinzipien dahinter nicht geschützt sind. Eine Ausnahme für nicht-kommerzielle Nutzung könnte analog auch für andere Werke gelten.[3]

Contra:
- Das Urheberrecht soll Anreize für kreatives Schaffen bieten, indem es den Urhebern zeitlich begrenzte Ausschließlichkeitsrechte gewährt. Eine zu weitreichende Beschneidung dieser Rechte könnte die Anreize verringern.[1]
- Die Schranken des Urheberrechts sind bereits durch EU-Richtlinien harmonisiert. Eine zusätzliche Ausnahme für nicht-kommerzielle Nutzung würde die Harmonisierung untergraben und zu Rechtszersplitterung führen.[4]
- Eine Ausnahme für nicht-kommerzielle Nutzung wäre schwer abzugrenzen und könnte zu Rechtsunsicherheit und Missbrauch führen, wenn Nutzer ihre Nutzung als nicht-kommerziell einstufen.[5]

Insgesamt zeigt sich, dass eine Ausnahme für nicht-kommerzielle Nutzung urheberrechtlich geschützter Werke in der EU durchaus Argumente für sich hat, aber auch mit Herausforderungen verbunden wäre. Eine sorgfältige Abwägung der Interessen von Urhebern, Nutzern und der Allgemeinheit ist nötig.

Citations:
[1] https://library.oapen.org/bitstream/id/94d22652-e9de-4ac6-bf0f-60ed27db6a73/external_content.pdf
[2] https://www.jipitec.eu/issues/jipitec-9-3-2018/4802/JIPITEC_9_3_2018_211_Sganga
[3] https://www.europarl.europa.eu/RegData/etudes/STUD/2022/732266/IPOL_STU%282022%29732266_EN.pdf
[4] https://www.cambridge.org/core/journals/european-constitutional-law-review/article/abs/relationship-between-the-law-of-the-european-union-and-the-law-of-its-member-states-a-norm-based-conceptual-framework/1D011FDFD83608477E5A6E17CE2A44F9
[5] https://backoffice.biblio.ugent.be/download/01GT3RNWGSCZ0W1K9TAC3RBTWT/01GT3S0Y627XNK374YFKK9YEBP"
Die Sanktionen der EU gegen Russland sollen abgebaut werden.;;;;;;;;;;;;;"Hier sind einige Argumente für und gegen den Abbau der EU-Sanktionen gegen Russland:

Pro:
- Die Sanktionen schaden auch der europäischen Wirtschaft und den Bürgern durch höhere Preise und Energiekosten[3]. Ein Abbau könnte die wirtschaftlichen Folgen für Europa lindern.
- Russland hat trotz Sanktionen weiterhin hohe Einnahmen aus Öl- und Gasexporten, die den Krieg finanzieren[3]. Sanktionen allein reichen möglicherweise nicht aus, um Putin zum Einlenken zu zwingen.
- Ohne Verhandlungsmöglichkeiten und Anreize für Russland ist ein Friedensschluss unwahrscheinlich. Ein schrittweiser Abbau der Sanktionen könnte Russland zu Kompromissen bewegen[1].

Contra:
- Die Sanktionen treffen die russische Wirtschaft hart und schwächen Putins Fähigkeit, den Krieg zu finanzieren[3]. Ein Abbau würde den Druck auf Russland verringern.
- Solange Russland die Ukraine angreift und Gräueltaten begeht, sollten die Sanktionen aufrechterhalten werden, um ein Signal zu setzen[3].
- Ein Abbau der Sanktionen wäre ein Zugeständnis an Russland und würde als Schwäche des Westens wahrgenommen werden. Es könnte Putin ermutigen, weitere Gebiete der Ukraine zu besetzen[4].
- Die Sanktionen sind ein wichtiges Instrument, um Russland international zu isolieren und zu ächten. Ein Abbau würde diese Isolation aufweichen[2].

Insgesamt überwiegen meiner Meinung nach die Argumente gegen einen Abbau der Sanktionen, solange Russland den Krieg nicht beendet. Die Sanktionen sind ein wichtiges Druckmittel, auch wenn sie Nebenwirkungen haben. Ein Abbau sollte nur im Gegenzug für echte Zugeständnisse Russlands in Betracht gezogen werden.

Citations:
[1] https://www.files.ethz.ch/isn/10733/doc_10764_290_en.pdf
[2] https://www.europarl.europa.eu/doceo/document/CRE-8-2018-01-17-ITM-016_EN.html
[3] https://euranetplus-inside.eu/pros-and-cons-of-eu-financial-weapons-against-russia/
[4] https://www.swp-berlin.org/en/publication/ukraines-possible-eu-accession-and-its-consequences
[5] https://www.politico.eu/article/nato-eastern-european-union-rutte-secretary-general-commission-russia-ukraine-war-defense/"
Die EU soll Atomkraft weiterhin als nachhaltige Energiequelle einstufen.;;;;;;;;;;;;;"Hier ist eine Zusammenfassung der Argumente für und gegen die Einstufung der Atomkraft als nachhaltige Energiequelle durch die EU:

## Argumente dafür

- Atomkraft ist eine CO2-arme Energiequelle und kann dazu beitragen, die Treibhausgasemissionen zu reduzieren und die Klimaziele zu erreichen[1][3].
- Der Ausbau der Atomkraft kann die Energiesicherheit erhöhen, indem die Abhängigkeit von Gasimporten aus Russland verringert wird[3].
- Länder wie Belgien, die Niederlande und das Vereinigte Königreich setzen verstärkt auf Atomkraft als Übergangslösung oder langfristige Lösung[3].

## Argumente dagegen

- Die EURATOM-Gemeinschaft und ihr Vertrag haben es versäumt, eine gemeinsame Atompolitik zu entwickeln und eine Atomenergie-Union zu schaffen[1].
- Sicherheitsbedenken nach früheren Katastrophen wie Tschernobyl und Fukushima haben Atomkraft zu einem umstrittenen Thema gemacht[2].
- Deutschland, Italien und Litauen haben die Atomkraft bereits vollständig abgeschafft[2].
- Atomkraft ist eine finanzintensive Technologie und schließt viele Akteure vom Energiemarkt aus[3].
- Russland hat immer noch einen festen Griff auf das europäische Atomkraftsystem, da 20% des Urans aus Russland importiert werden und ein Viertel der Dienst-leistungen von Russland erbracht werden[3].

Insgesamt bleibt die Einstufung der Atomkraft als nachhaltige Energiequelle in der EU umstritten. Während einige Länder sie als Teil der Lösung sehen, lehnen andere sie aus Sicherheits- und Kostengründen ab. Eine Harmonisierung der Haftungsregelungen auf EU-Ebene könnte ein Schritt in Richtung einer gemeinsamen Atompolitik sein[4].

Citations:
[1] https://link.springer.com/content/pdf/10.1007/978-3-658-25987-7_8.pdf
[2] https://www.euronews.com/green/2024/04/01/europe-is-divided-on-nuclear-power-which-countries-are-for-and-against-it
[3] https://justclimate.fes.de/fileadmin/user_upload/Nuclear_Series/Nuclear_Energy_the_Pros_and_Cons_-_FES_Just_Climate.pdf
[4] https://www.europarl.europa.eu/RegData/etudes/STUD/2019/608860/IPOL_STU%282019%29608860_EN.pdf
[5] https://citizens-initiative-forum.europa.eu/video-competition/importance-atomic-energy-eu-and-why-it-better-alternative-solid-fuel_en"
Die Beteiligung außereuropäischer Investoren an Unternehmen im Bereich kritischer Infrastruktur soll in der EU stärker beschränkt werden.;;;;;;;;;;;;;"Hier sind einige Argumente für und gegen eine stärkere Beschränkung der Beteiligung außereuropäischer Investoren an Unternehmen im Bereich kritischer Infrastruktur in der EU:

Pro:
- Kritische Infrastruktur wie Energie, Telekommunikation und Verkehr ist von strategischer Bedeutung für die EU. Eine zu starke Kontrolle durch Nicht-EU-Investoren könnte die Versorgungssicherheit gefährden[1].
- Investitionen aus Ländern ohne vergleichbare Regulierungsstandards und Transparenz erhöhen das Risiko von Manipulationen, Spionage und Sabotage[1].
- Andere Länder wie die USA und China beschränken ausländische Investitionen in sensible Sektoren ebenfalls. Die EU sollte ihre Interessen ähnlich schützen[1].

Contra: 
- Ausländische Investitionen sind wichtig für Wachstum und Innovationen in der EU. Zu restriktive Regeln könnten Investoren abschrecken[1].
- Viele Unternehmen der kritischen Infrastruktur sind bereits in EU-Besitz. Zusätzliche Beschränkungen sind daher nicht zwingend nötig[1].
- Stattdessen sollte die EU die Regulierung und Kontrolle aller Investoren in sensiblen Bereichen unabhängig ihrer Herkunft verbessern, um Risiken zu managen[1].

Insgesamt ist eine differenzierte Betrachtung nötig, die die Risiken ausländischer Kontrolle kritischer Infrastruktur berücksichtigt, aber auch die Vorteile ausländischer Investitionen für die EU-Wirtschaft. Statt pauschaler Beschränkungen sollte die EU die Regulierung und Kontrolle aller Investoren in sensiblen Bereichen verbessern.

Citations:
[1] https://www.investeurope.eu/news/opinion/europe-needs-a-new-deal-on-investor-protection/
[2] https://www.mdpi.com/2071-1050/11/22/6292
[3] https://www.asser.nl/media/679745/cleer020-01_web_final.pdf
[4] https://www.eiopa.europa.eu/eiopa-publishes-advice-retail-investor-protection-2022-04-29_en
[5] https://www.gov.scot/binaries/content/documents/govscot/publications/research-and-analysis/2024/01/building-a-new-scotland-papers-downloadable-versions/documents/paper-7-an-independent-scotland-in-the-eu/paper-7-an-independent-scotland-in-the-eu/govscot:document/independent-scotland-eu-paper-7.pdf"
In der EU sollen Unternehmen mehr für den Ausstoß von CO_ zahlen müssen.;;;;;;;;;;;;;"Hier sind einige Argumente für und gegen eine Erhöhung der CO2-Preise für Unternehmen in der EU:

Pro:
- Eine Erhöhung der CO2-Preise schafft einen stärkeren finanziellen Anreiz für Unternehmen, in Klimaschutzmaßnahmen zu investieren und ihre Emissionen zu reduzieren[2].
- Höhere CO2-Preise tragen dazu bei, die Ziele der EU zur Reduktion der Treibhausgasemissionen zu erreichen[5].
- Das geplante CO2-Grenzausgleichssystem (CBAM) gleicht Wettbewerbsnachteile aus, die für Unternehmen in der EU durch die Klimaschutzauflagen entstehen[1].
- Energieintensive Unternehmen in der EU, die bereits einen CO2-Preis zahlen, begrüßen den CBAM, da er sie vor Billig-Importen aus Ländern mit weniger strengen Klimaschutzvorschriften schützt[1].

Contra:
- Höhere CO2-Preise bedeuten für Unternehmen zusätzliche Kosten und Bürokratie, da sie für jede importierte Ware nachweisen müssen, wie viel CO2 bei der Produktion entstanden ist[1].
- Kleine und mittlere Unternehmen könnten Schwierigkeiten haben, die zusätzlichen Auflagen und Abgaben zu stemmen[1].
- Der CBAM entlastet EU-Unternehmen, die ins Nicht-EU-Ausland exportieren, nicht von den Kosten für ihre CO2-Emissionen, was ihre Wettbewerbsfähigkeit auf dem internationalen Markt beeinträchtigen könnte[1].
- Nicht-EU-Länder sehen den geplanten CO2-Grenzausgleich kritisch und fordern eine Überprüfung der WTO-Konformität[1].

Citations:
[1] https://www.deutschlandfunk.de/klimazoll-co2-grenzausgleichssystem-cbam-eu-100.html
[2] https://www.deutschlandfunk.de/co2-bepreisung-steuer-emissionshandel-zertifikate-klimawandel-100.html
[3] https://www.europarl.europa.eu/topics/de/article/20180305STO99003/reduktion-von-co2-emissionen-ziele-und-massnahmen-der-eu
[4] https://www.wko.at/umwelt/klimaschutz-unternehmen
[5] https://www.umweltbundesamt.de/daten/klima/der-europaeische-emissionshandel"
Asylbewerberinnen und -bewerber sollen ihren Antrag vor Überschreiten der EU-Außengrenze stellen müssen und dort auf das Ergebnis warten.;;;;;;;;;;;;;"Argumente für Asylverfahren an den EU-Außengrenzen:

- Schnellere Entscheidungen über Asylanträge, da das Verfahren innerhalb von 12 Wochen inklusive Berufung abgeschlossen sein soll[1][2]. Dies entlastet die Aufnahmeländer.

- Abgelehnte Antragsteller sollen innerhalb von 12 Wochen zurückgeschickt werden, um irreguläre Migration zu verhindern[1]. 

- Grenzverfahren sollen nur für Antragsteller aus Ländern mit einer Anerkennungsquote unter 20% gelten, die geringe Aussichten auf Asyl haben[2][3]. Dies soll die Weiterreise in die EU verhindern.

- Mehr Kontrolle und Erfassung von Fingerabdrücken und biometrischen Daten an den Außengrenzen, um Mehrfachanträge zu verhindern[3].

Argumente gegen Asylverfahren an den EU-Außengrenzen:

- Antragsteller werden faktisch inhaftiert, auch Familien mit Kindern, bis über ihren Antrag entschieden ist[4]. Dies widerspricht dem Prinzip der Unschuldsvermutung.

- Es besteht die Gefahr, dass die Lager an den Außengrenzen überfüllt und die Bedingungen katastrophal werden, ähnlich wie im Lager Moria[4].

- Die Grundprobleme wie die Überlastung der Grenzstaaten bleiben bestehen oder verschärfen sich sogar noch[4].

- Abgelehnte Antragsteller könnten in unsichere Drittstaaten abgeschoben werden[4].

- Asylverfahren an den Grenzen widersprechen dem individuellen Recht auf Asyl und der Genfer Flüchtlingskonvention[5].

Insgesamt überwiegen die Argumente für Grenzverfahren, da sie irreguläre Migration eindämmen und die Aufnahmeländer entlasten sollen. Allerdings müssen die Bedingungen in den Grenzlagern menschenwürdig sein und das individuelle Recht auf Asyl gewahrt bleiben. Eine faire Einzelfallprüfung ist zwingend erforderlich.

Citations:
[1] https://www.europarl.europa.eu/topics/de/article/20170627STO78419/bekampfung-der-irregularen-migration-besserer-eu-grenzschutz
[2] https://www.tagesschau.de/ausland/europa/faq-asylverfahren-eu-100.html
[3] https://www.tagesschau.de/ausland/europa/eu-asylreform-faq-102.html
[4] https://www.mdr.de/nachrichten/welt/politik/asyl-eu-einigung-grenzverfahren-100.html
[5] https://www.deutschlandfunk.de/asyl-debatte-fluechtlinge-100.html"
Die EU soll weiterhin in gemeinsame europäische Rüstungsprojekte investieren.;;;;;;;;;;;;;"## Pro-Argumente für gemeinsame europäische Rüstungsprojekte

- Gemeinsame Rüstungsprojekte stärken die europäische Verteidigungskooperation und Souveränität.
- Sie ermöglichen Kosteneinsparungen durch Skaleneffekte und Arbeitsteilung zwischen den Ländern.
- Gemeinsame Projekte fördern die technologische Innovationskraft und Wettbewerbsfähigkeit der europäischen Rüstungsindustrie.

## Contra-Argumente gegen gemeinsame europäische Rüstungsprojekte

- Rüstungskooperation kann zu Interessenskonflikten zwischen den Ländern führen und die Entscheidungsfindung erschweren.
- Gemeinsame Projekte erfordern Kompromisse bei den Fähigkeiten und Ausrüstung der Streitkräfte.
- Investitionen in Rüstung konkurrieren mit Ausgaben für zivile Zwecke wie Bildung und Infrastruktur."